{
    "clustering_coefficient": 0.4564157150039504,
    "shortest_path_mean": 2.771,
    "shortest_path_std": 0.9542321520468696,
    "assortativity": -0.013251006008470604,
    "modularity_true": 0.7357375418119178,
    "modularity_anonymized": -0.05231826433670799,
    "spectral_eigenvalues": [
        11.27634763424155,
        10.703640840355499,
        10.462615842930147,
        9.657138991792797,
        9.39208368569662,
        3.522750736368329,
        3.503426547553021,
        3.3175321418085746,
        3.104192551780329,
        2.9947419863272695
    ]
}