{
    "clustering_coefficient": 0.252272360798293,
    "shortest_path_mean": 1.8614,
    "shortest_path_std": 0.50575689812399,
    "assortativity": -0.020864676285525432,
    "modularity_true": 0.37310545955242513,
    "modularity_anonymized": 0.29670000614238035,
    "spectral_eigenvalues": [
        18.376320276334656,
        10.167827028131875,
        9.66192213932981,
        9.260632178999108,
        8.710318437481027,
        5.634884827829968,
        5.311286869870613,
        5.237281463623641,
        4.824065545852051,
        4.780213378265986
    ]
}