{
    "clustering_coefficient": 0.2784193146894384,
    "shortest_path_mean": 2.0696,
    "shortest_path_std": 0.6321042951918615,
    "assortativity": -0.08010623507941358,
    "modularity_true": 0.4957476020670849,
    "modularity_anonymized": 0.20835478601348817,
    "spectral_eigenvalues": [
        14.210129489916387,
        9.98801262710905,
        9.506794308293484,
        9.29051720107841,
        8.854631839523309,
        4.829312472657023,
        4.565472053353269,
        4.509022160937567,
        4.296584695630966,
        4.1499664234857425
    ]
}